state,numGrads
AL,387
AK,55
AZ,313
AR,258
CA,2446
CO,311
CT,271
DE,53
DC,34
FL,937
GA,577
HI,92
ID,127
IL,1027
IN,566
IA,292
KS,241
KY,339
LA,322
ME,132
MD,392
MA,508
MI,878
MN,462
MS,23
MO,466
MT,9
NE,171
NV,88
NH,103
NJ,667
NM,148
NY,1346
NC,612
ND,74
OH,1045
OK,327
OR,253
PA,1039
RI,79
SC,307
SD,73
TN,451
TX,1481
UT,235
VT,52
VA,573
WA,444
WV,201
WI,486
WY,58